In,Out,Test,Blah,Hmm,Email
1,KJ,HJ,H,H,a@kjsd.vj
54,5IH,UI4IU,54,9,jhjkj@kjhkf.vj
1,KJ,HJ,H,H,a@kjsd.vj
54,5IH,UI4IU,54,9,jhjkj@kjhkf.vj
1,KJ,HJ,H,H,a@kjsd.vj
54,5IH,UI4IU,54,9,jhjkj@kjhkf.vj
1,KJ,HJ,H,H,a@kjsd.vj
54,5IH,UI4IU,54,9,jhjkj@kjhkf.vj
1,KJ,HJ,H,H,a@kjsd.vj
54,5IH,UI4IU,54,9,jhjkj@kjhkf.vj
1,KJ,HJ,H,H,a@kjsd.vj
54,5IH,UI4IU,54,9,jhjkj@kjhkf.vj
1,KJ,HJ,H,H,a@kjsd.vj
54,5IH,UI4IU,54,9,jhjkj@kjhkf.vj
1,KJ,HJ,H,H,a@kjsd.vj
54,5IH,UI4IU,54,9,jhjkj@kjhkf.vj
1,KJ,HJ,H,H,a@kjsd.vj
54,5IH,UI4IU,54,9,jhjkj@kjhkf.vj
1,KJ,HJ,H,H,a@kjsd.vj
54,5IH,UI4IU,54,9,jhjkj@kjhkf.vj
1,KJ,HJ,H,H,a@kjsd.vj
54,5IH,UI4IU,54,9,jhjkj@kjhkf.vj
1,KJ,HJ,H,H,a@kjsd.vj
54,5IH,UI4IU,54,9,jhjkj@kjhkf.vj
1,KJ,HJ,H,H,a@kjsd.vj
54,5IH,UI4IU,54,9,jhjkj@kjhkf.vj
1,KJ,HJ,H,H,a@kjsd.vj
54,5IH,UI4IU,54,9,jhjkj@kjhkf.vj
1,KJ,HJ,H,H,a@kjsd.vj
54,5IH,UI4IU,54,9,jhjkj@kjhkf.vj
1,KJ,HJ,H,H,a@kjsd.vj
54,5IH,UI4IU,54,9,jhjkj@kjhkf.vj
1,KJ,HJ,H,H,a@kjsd.vj
54,5IH,UI4IU,54,9,jhjkj@kjhkf.vj
1,KJ,HJ,H,H,a@kjsd.vj
54,5IH,UI4IU,54,9,jhjkj@kjhkf.vj
1,KJ,HJ,H,H,a@kjsd.vj
54,5IH,UI4IU,54,9,jhjkj@kjhkf.vj
1,KJ,HJ,H,H,a@kjsd.vj
54,5IH,UI4IU,54,9,jhjkj@kjhkf.vj
1,KJ,HJ,H,H,a@kjsd.vj
54,5IH,UI4IU,54,9,jhjkj@kjhkf.vj
1,KJ,HJ,H,H,a@kjsd.vj
54,5IH,UI4IU,54,9,jhjkj@kjhkf.vj
1,KJ,HJ,H,H,a@kjsd.vj
54,5IH,UI4IU,54,9,jhjkj@kjhkf.vj
1,KJ,HJ,H,H,a@kjsd.vj
54,5IH,UI4IU,54,9,jhjkj@kjhkf.vj
1,KJ,HJ,H,H,a@kjsd.vj
54,5IH,UI4IU,54,9,jhjkj@kjhkf.vj
1,KJ,HJ,H,H,a@kjsd.vj
54,5IH,UI4IU,54,9,jhjkj@kjhkf.vj
1,KJ,HJ,H,H,a@kjsd.vj
54,5IH,UI4IU,54,9,jhjkj@kjhkf.vj
1,KJ,HJ,H,H,a@kjsd.vj
54,5IH,UI4IU,54,9,jhjkj@kjhkf.vj
1,KJ,HJ,H,H,a@kjsd.vj
54,5IH,UI4IU,54,9,jhjkj@kjhkf.vj
1,KJ,HJ,H,H,a@kjsd.vj
54,5IH,UI4IU,54,9,jhjkj@kjhkf.vj
1,KJ,HJ,H,H,a@kjsd.vj
54,5IH,UI4IU,54,9,jhjkj@kjhkf.vj
1,KJ,HJ,H,H,a@kjsd.vj
54,5IH,UI4IU,54,9,jhjkj@kjhkf.vj
1,KJ,HJ,H,H,a@kjsd.vj
54,5IH,UI4IU,54,9,jhjkj@kjhkf.vj
1,KJ,HJ,H,H,a@kjsd.vj
54,5IH,UI4IU,54,9,jhjkj@kjhkf.vj
1,KJ,HJ,H,H,a@kjsd.vj
54,5IH,UI4IU,54,9,jhjkj@kjhkf.vj
1,KJ,HJ,H,H,a@kjsd.vj
54,5IH,UI4IU,54,9,jhjkj@kjhkf.vj
1,KJ,HJ,H,H,a@kjsd.vj
54,5IH,UI4IU,54,9,jhjkj@kjhkf.vj
1,KJ,HJ,H,H,a@kjsd.vj
54,5IH,UI4IU,54,9,jhjkj@kjhkf.vj
1,KJ,HJ,H,H,a@kjsd.vj
54,5IH,UI4IU,54,9,jhjkj@kjhkf.vj
1,KJ,HJ,H,H,a@kjsd.vj
54,5IH,UI4IU,54,9,jhjkj@kjhkf.vj
1,KJ,HJ,H,H,a@kjsd.vj
54,5IH,UI4IU,54,9,jhjkj@kjhkf.vj
1,KJ,HJ,H,H,a@kjsd.vj
54,5IH,UI4IU,54,9,jhjkj@kjhkf.vj
1,KJ,HJ,H,H,a@kjsd.vj
54,5IH,UI4IU,54,9,jhjkj@kjhkf.vj
1,KJ,HJ,H,H,a@kjsd.vj
54,5IH,UI4IU,54,9,jhjkj@kjhkf.vj
1,KJ,HJ,H,H,a@kjsd.vj
54,5IH,UI4IU,54,9,jhjkj@kjhkf.vj
1,KJ,HJ,H,H,a@kjsd.vj
54,5IH,UI4IU,54,9,jhjkj@kjhkf.vj
1,KJ,HJ,H,H,a@kjsd.vj
54,5IH,UI4IU,54,9,jhjkj@kjhkf.vj
1,KJ,HJ,H,H,a@kjsd.vj
54,5IH,UI4IU,54,9,jhjkj@kjhkf.vj
1,KJ,HJ,H,H,a@kjsd.vj
54,5IH,UI4IU,54,9,jhjkj@kjhkf.vj
1,KJ,HJ,H,H,a@kjsd.vj
54,5IH,UI4IU,54,9,jhjkj@kjhkf.vj
1,KJ,HJ,H,H,a@kjsd.vj
54,5IH,UI4IU,54,9,jhjkj@kjhkf.vj
1,KJ,HJ,H,H,a@kjsd.vj
54,5IH,UI4IU,54,9,jhjkj@kjhkf.vj
1,KJ,HJ,H,H,a@kjsd.vj
54,5IH,UI4IU,54,9,jhjkj@kjhkf.vj
1,KJ,HJ,H,H,a@kjsd.vj
54,5IH,UI4IU,54,9,jhjkj@kjhkf.vj
1,KJ,HJ,H,H,a@kjsd.vj
54,5IH,UI4IU,54,9,jhjkj@kjhkf.vj
1,KJ,HJ,H,H,a@kjsd.vj
54,5IH,UI4IU,54,9,jhjkj@kjhkf.vj
1,KJ,HJ,H,H,a@kjsd.vj
54,5IH,UI4IU,54,9,jhjkj@kjhkf.vj
1,KJ,HJ,H,H,a@kjsd.vj
54,5IH,UI4IU,54,9,jhjkj@kjhkf.vj
1,KJ,HJ,H,H,a@kjsd.vj
54,5IH,UI4IU,54,9,jhjkj@kjhkf.vj
1,KJ,HJ,H,H,a@kjsd.vj
54,5IH,UI4IU,54,9,jhjkj@kjhkf.vj
1,KJ,HJ,H,H,a@kjsd.vj
54,5IH,UI4IU,54,9,jhjkj@kjhkf.vj
1,KJ,HJ,H,H,a@kjsd.vj
54,5IH,UI4IU,54,9,jhjkj@kjhkf.vj
1,KJ,HJ,H,H,a@kjsd.vj
54,5IH,UI4IU,54,9,jhjkj@kjhkf.vj
1,KJ,HJ,H,H,a@kjsd.vj
54,5IH,UI4IU,54,9,jhjkj@kjhkf.vj
1,KJ,HJ,H,H,a@kjsd.vj
54,5IH,UI4IU,54,9,jhjkj@kjhkf.vj
1,KJ,HJ,H,H,a@kjsd.vj
54,5IH,UI4IU,54,9,jhjkj@kjhkf.vj
1,KJ,HJ,H,H,a@kjsd.vj
54,5IH,UI4IU,54,9,jhjkj@kjhkf.vj
1,KJ,HJ,H,H,a@kjsd.vj
54,5IH,UI4IU,54,9,jhjkj@kjhkf.vj
1,KJ,HJ,H,H,a@kjsd.vj
54,5IH,UI4IU,54,9,jhjkj@kjhkf.vj
1,KJ,HJ,H,H,a@kjsd.vj
54,5IH,UI4IU,54,9,jhjkj@kjhkf.vj
1,KJ,HJ,H,H,a@kjsd.vj
54,5IH,UI4IU,54,9,jhjkj@kjhkf.vj
1,KJ,HJ,H,H,a@kjsd.vj
54,5IH,UI4IU,54,9,jhjkj@kjhkf.vj
1,KJ,HJ,H,H,a@kjsd.vj
54,5IH,UI4IU,54,9,jhjkj@kjhkf.vj
1,KJ,HJ,H,H,a@kjsd.vj
54,5IH,UI4IU,54,9,jhjkj@kjhkf.vj
1,KJ,HJ,H,H,a@kjsd.vj
54,5IH,UI4IU,54,9,jhjkj@kjhkf.vj
1,KJ,HJ,H,H,a@kjsd.vj
54,5IH,UI4IU,54,9,jhjkj@kjhkf.vj
1,KJ,HJ,H,H,a@kjsd.vj
54,5IH,UI4IU,54,9,jhjkj@kjhkf.vj
1,KJ,HJ,H,H,a@kjsd.vj
54,5IH,UI4IU,54,9,jhjkj@kjhkf.vj
1,KJ,HJ,H,H,a@kjsd.vj
54,5IH,UI4IU,54,9,jhjkj@kjhkf.vj
1,KJ,HJ,H,H,a@kjsd.vj
54,5IH,UI4IU,54,9,jhjkj@kjhkf.vj
1,KJ,HJ,H,H,a@kjsd.vj
54,5IH,UI4IU,54,9,jhjkj@kjhkf.vj
1,KJ,HJ,H,H,a@kjsd.vj
54,5IH,UI4IU,54,9,jhjkj@kjhkf.vj
1,KJ,HJ,H,H,a@kjsd.vj
54,5IH,UI4IU,54,9,jhjkj@kjhkf.vj
1,KJ,HJ,H,H,a@kjsd.vj
54,5IH,UI4IU,54,9,jhjkj@kjhkf.vj
1,KJ,HJ,H,H,a@kjsd.vj
54,5IH,UI4IU,54,9,jhjkj@kjhkf.vj
1,KJ,HJ,H,H,a@kjsd.vj
54,5IH,UI4IU,54,9,jhjkj@kjhkf.vj
1,KJ,HJ,H,H,a@kjsd.vj
54,5IH,UI4IU,54,9,jhjkj@kjhkf.vj
1,KJ,HJ,H,H,a@kjsd.vj
54,5IH,UI4IU,54,9,jhjkj@kjhkf.vj
1,KJ,HJ,H,H,a@kjsd.vj
54,5IH,UI4IU,54,9,jhjkj@kjhkf.vj
1,KJ,HJ,H,H,a@kjsd.vj
54,5IH,UI4IU,54,9,jhjkj@kjhkf.vj
1,KJ,HJ,H,H,a@kjsd.vj
54,5IH,UI4IU,54,9,jhjkj@kjhkf.vj
1,KJ,HJ,H,H,a@kjsd.vj
54,5IH,UI4IU,54,9,jhjkj@kjhkf.vj
1,KJ,HJ,H,H,a@kjsd.vj
54,5IH,UI4IU,54,9,jhjkj@kjhkf.vj
1,KJ,HJ,H,H,a@kjsd.vj
54,5IH,UI4IU,54,9,jhjkj@kjhkf.vj
1,KJ,HJ,H,H,a@kjsd.vj
54,5IH,UI4IU,54,9,jhjkj@kjhkf.vj
1,KJ,HJ,H,H,a@kjsd.vj
54,5IH,UI4IU,54,9,jhjkj@kjhkf.vj
1,KJ,HJ,H,H,a@kjsd.vj
54,5IH,UI4IU,54,9,jhjkj@kjhkf.vj
1,KJ,HJ,H,H,a@kjsd.vj
54,5IH,UI4IU,54,9,jhjkj@kjhkf.vj
1,KJ,HJ,H,H,a@kjsd.vj
54,5IH,UI4IU,54,9,jhjkj@kjhkf.vj
1,KJ,HJ,H,H,a@kjsd.vj
54,5IH,UI4IU,54,9,jhjkj@kjhkf.vj
1,KJ,HJ,H,H,a@kjsd.vj
54,5IH,UI4IU,54,9,jhjkj@kjhkf.vj
1,KJ,HJ,H,H,a@kjsd.vj
54,5IH,UI4IU,54,9,jhjkj@kjhkf.vj
1,KJ,HJ,H,H,a@kjsd.vj
54,5IH,UI4IU,54,9,jhjkj@kjhkf.vj
1,KJ,HJ,H,H,a@kjsd.vj
54,5IH,UI4IU,54,9,jhjkj@kjhkf.vj
1,KJ,HJ,H,H,a@kjsd.vj
54,5IH,UI4IU,54,9,jhjkj@kjhkf.vj
1,KJ,HJ,H,H,a@kjsd.vj
54,5IH,UI4IU,54,9,jhjkj@kjhkf.vj
1,KJ,HJ,H,H,a@kjsd.vj
54,5IH,UI4IU,54,9,jhjkj@kjhkf.vj
1,KJ,HJ,H,H,a@kjsd.vj
54,5IH,UI4IU,54,9,jhjkj@kjhkf.vj
1,KJ,HJ,H,H,a@kjsd.vj
54,5IH,UI4IU,54,9,jhjkj@kjhkf.vj
1,KJ,HJ,H,H,a@kjsd.vj
54,5IH,UI4IU,54,9,jhjkj@kjhkf.vj
1,KJ,HJ,H,H,a@kjsd.vj
54,5IH,UI4IU,54,9,jhjkj@kjhkf.vj
1,KJ,HJ,H,H,a@kjsd.vj
54,5IH,UI4IU,54,9,jhjkj@kjhkf.vj
1,KJ,HJ,H,H,a@kjsd.vj
54,5IH,UI4IU,54,9,jhjkj@kjhkf.vj
1,KJ,HJ,H,H,a@kjsd.vj
54,5IH,UI4IU,54,9,jhjkj@kjhkf.vj
1,KJ,HJ,H,H,a@kjsd.vj
54,5IH,UI4IU,54,9,jhjkj@kjhkf.vj
1,KJ,HJ,H,H,a@kjsd.vj
54,5IH,UI4IU,54,9,jhjkj@kjhkf.vj
1,KJ,HJ,H,H,a@kjsd.vj
54,5IH,UI4IU,54,9,jhjkj@kjhkf.vj
1,KJ,HJ,H,H,a@kjsd.vj
54,5IH,UI4IU,54,9,jhjkj@kjhkf.vj
1,KJ,HJ,H,H,a@kjsd.vj
54,5IH,UI4IU,54,9,jhjkj@kjhkf.vj
1,KJ,HJ,H,H,a@kjsd.vj
54,5IH,UI4IU,54,9,jhjkj@kjhkf.vj
1,KJ,HJ,H,H,a@kjsd.vj
54,5IH,UI4IU,54,9,jhjkj@kjhkf.vj
1,KJ,HJ,H,H,a@kjsd.vj
54,5IH,UI4IU,54,9,jhjkj@kjhkf.vj
1,KJ,HJ,H,H,a@kjsd.vj
54,5IH,UI4IU,54,9,jhjkj@kjhkf.vj
1,KJ,HJ,H,H,a@kjsd.vj
54,5IH,UI4IU,54,9,jhjkj@kjhkf.vj
1,KJ,HJ,H,H,a@kjsd.vj
54,5IH,UI4IU,54,9,jhjkj@kjhkf.vj
1,KJ,HJ,H,H,a@kjsd.vj
54,5IH,UI4IU,54,9,jhjkj@kjhkf.vj
1,KJ,HJ,H,H,a@kjsd.vj
54,5IH,UI4IU,54,9,jhjkj@kjhkf.vj
1,KJ,HJ,H,H,a@kjsd.vj
54,5IH,UI4IU,54,9,jhjkj@kjhkf.vj
1,KJ,HJ,H,H,a@kjsd.vj
54,5IH,UI4IU,54,9,jhjkj@kjhkf.vj
1,KJ,HJ,H,H,a@kjsd.vj
54,5IH,UI4IU,54,9,jhjkj@kjhkf.vj
1,KJ,HJ,H,H,a@kjsd.vj
54,5IH,UI4IU,54,9,jhjkj@kjhkf.vj
1,KJ,HJ,H,H,a@kjsd.vj
54,5IH,UI4IU,54,9,jhjkj@kjhkf.vj
1,KJ,HJ,H,H,a@kjsd.vj
54,5IH,UI4IU,54,9,jhjkj@kjhkf.vj
1,KJ,HJ,H,H,a@kjsd.vj
54,5IH,UI4IU,54,9,jhjkj@kjhkf.vj
1,KJ,HJ,H,H,a@kjsd.vj
54,5IH,UI4IU,54,9,jhjkj@kjhkf.vj
1,KJ,HJ,H,H,a@kjsd.vj
54,5IH,UI4IU,54,9,jhjkj@kjhkf.vj
1,KJ,HJ,H,H,a@kjsd.vj
54,5IH,UI4IU,54,9,jhjkj@kjhkf.vj
1,KJ,HJ,H,H,a@kjsd.vj
54,5IH,UI4IU,54,9,jhjkj@kjhkf.vj
1,KJ,HJ,H,H,a@kjsd.vj
54,5IH,UI4IU,54,9,jhjkj@kjhkf.vj
1,KJ,HJ,H,H,a@kjsd.vj
54,5IH,UI4IU,54,9,jhjkj@kjhkf.vj
1,KJ,HJ,H,H,a@kjsd.vj
54,5IH,UI4IU,54,9,jhjkj@kjhkf.vj
1,KJ,HJ,H,H,a@kjsd.vj
54,5IH,UI4IU,54,9,jhjkj@kjhkf.vj
1,KJ,HJ,H,H,a@kjsd.vj
54,5IH,UI4IU,54,9,jhjkj@kjhkf.vj
1,KJ,HJ,H,H,a@kjsd.vj
54,5IH,UI4IU,54,9,jhjkj@kjhkf.vj
